time,x,y,z
18,3.567,-0.996,9.302
28,3.677,-1.044,9.292
39,3.753,-1.202,9.206
49,3.677,-1.293,9.048
60,3.437,-1.355,8.837
75,3.600,-1.436,8.794
86,3.624,-1.412,8.880
93,3.629,-1.355,8.952
104,3.701,-1.317,9.053
114,3.763,-1.144,9.187
129,3.892,-1.020,9.230
139,3.806,-0.938,9.259
149,3.859,-0.886,9.201
160,3.820,-0.943,9.230
176,3.863,-1.115,9.239
183,3.820,-1.302,9.177
195,3.681,-1.029,8.995
206,3.567,-0.694,8.976
222,3.672,-0.641,8.967
232,3.634,-0.981,9.010
242,3.801,-1.369,8.976
249,3.815,-1.474,9.014
259,3.964,-1.393,9.153
271,3.892,-1.063,9.211
284,3.681,-0.656,9.096
299,3.423,-0.637,8.756
310,3.222,-0.570,8.622
316,3.456,-0.507,8.761
325,3.739,-0.742,9.029
341,3.973,-1.211,9.172
351,4.040,-1.441,9.196
362,3.897,-1.513,9.072
373,3.547,-1.115,9.024
383,3.533,-0.594,9.077
394,3.413,-0.646,8.981
410,3.567,-0.919,9.101
421,3.859,-1.034,9.230
431,3.629,-1.087,9.139
442,3.394,-1.063,8.895
452,3.389,-0.924,8.914
462,3.509,-1.101,8.967
477,3.629,-1.317,9.010
487,3.634,-1.556,9.048
495,3.897,-1.704,9.225
505,4.055,-1.886,9.397
519,3.782,-1.881,9.330
530,3.337,-1.762,9.172
541,3.174,-1.767,9.043
549,3.404,-1.489,9.364
559,3.313,-0.771,9.488
576,3.619,-0.656,9.833
586,3.744,-1.230,9.785
597,3.274,-1.398,9.637
608,2.987,-1.211,9.493
618,2.662,-0.886,9.206
630,2.681,-0.890,9.211
644,2.872,-1.091,9.517
655,2.925,-1.235,9.541
665,2.537,-1.259,9.330
676,2.173,-1.029,9.053
690,1.939,-0.752,8.967
701,1.910,-0.488,9.010
712,2.126,-0.412,9.263
722,2.188,-0.493,9.326
729,2.260,-0.804,9.326
744,2.556,-1.302,9.436
755,2.791,-1.364,9.656
766,2.796,-1.087,9.579
774,2.757,-1.192,9.436
785,2.475,-1.427,9.110
800,2.312,-1.470,8.933
811,2.604,-1.403,9.077
818,3.059,-1.254,9.699
831,3.361,-1.058,10.029
842,3.274,-1.139,10.034
852,2.911,-1.407,9.766
859,2.643,-1.187,9.637
870,2.504,-0.991,9.417
886,2.638,-1.211,9.105
896,1.192,-2.437,9.072
904,2.087,-1.709,8.861
915,2.054,-1.144,9.148
926,2.303,-1.355,9.330
942,2.130,-1.269,9.460
949,1.977,-1.345,9.436
961,2.039,-1.733,9.192
978,1.992,-2.274,9.340
989,2.293,-2.250,9.359
997,2.365,-1.910,9.508
1008,2.312,-1.901,9.168
1020,2.102,-1.479,9.378
1034,2.662,-1.297,9.756
1042,3.188,-1.958,10.297
1049,2.930,-2.087,10.226
1060,2.523,-1.857,9.766
1076,2.087,-1.733,9.445
1082,1.867,-1.489,9.330
1094,1.829,-1.446,9.407
1105,1.982,-1.704,9.335
1119,1.771,-1.585,9.283
1131,1.738,-1.388,9.091
1142,1.613,-1.135,8.991
1152,1.647,-1.101,9.302
1162,2.346,-1.743,9.273
1176,2.532,-2.015,9.594
1185,2.571,-1.709,9.867
1193,2.542,-1.680,9.886
1203,2.394,-1.235,9.857
1216,2.154,-0.689,9.871
1228,1.910,-0.378,9.570
1239,1.589,-0.704,9.646
1253,1.565,-0.929,9.426
1264,1.288,-0.823,9.239
1274,1.317,-0.862,9.230
1284,1.321,-1.163,9.158
1296,1.211,-1.264,9.101
1307,1.173,-1.321,9.192
1319,1.518,-1.264,9.469
1330,1.714,-1.460,9.689
1346,1.685,-1.474,9.771
1354,1.795,-1.570,9.809
1364,1.752,-1.479,9.771
1374,1.647,-1.441,9.618
1390,1.436,-1.149,9.560
1399,1.508,-2.422,9.383
1410,1.297,-1.206,9.201
1421,1.202,-1.321,9.086
1431,1.623,-1.197,9.436
1442,2.078,-1.168,11.016
1451,1.944,-1.336,9.900
1466,1.637,-1.187,9.776
1477,1.642,-1.178,9.713
1488,1.556,-1.197,9.776
1499,1.762,-1.379,9.843
1509,1.963,-1.446,10.010
1525,1.934,-1.202,9.924
1533,1.532,-1.024,9.752
1544,1.436,-0.866,9.618
1555,1.465,-0.948,9.584
1571,1.465,-1.068,9.603
1582,1.728,-1.226,9.713
1593,1.709,-1.230,9.642
1603,1.642,-1.034,9.603
1614,1.690,-1.015,9.575
1624,1.723,-1.034,9.661
1639,1.838,-1.001,9.747
1649,2.006,-1.091,9.972
1660,1.992,-0.996,9.943
1669,1.747,-0.986,9.661
1680,1.527,-0.809,9.445
1695,1.455,-0.924,9.364
1706,1.527,-1.015,9.407
1713,1.680,-1.139,9.536
1724,1.699,-1.340,9.555
1734,1.752,-1.269,9.627
1749,1.805,-1.345,9.752
1758,1.920,-1.020,9.929
1767,2.011,-0.828,9.962
1776,1.877,-0.986,9.843
1792,1.671,-0.981,9.598
1803,1.618,-1.087,9.512
1813,1.714,-1.202,9.555
1824,1.795,-1.192,9.598
1834,1.838,-1.120,9.570
1845,1.652,-1.068,9.474
1860,1.546,-1.039,9.393
1870,1.589,-1.044,9.369
1881,1.666,-1.178,9.498
1891,1.896,-1.317,9.756
1900,2.217,-1.331,9.857
1915,2.035,-1.168,9.737
1926,1.771,-1.058,9.579
1937,1.738,-1.068,9.402
1948,1.618,-1.024,9.273
1958,1.589,-1.063,9.292
1968,1.690,-1.159,9.388
1979,1.848,-1.216,9.460
1993,1.891,-1.034,9.613
2002,2.231,-1.197,9.924
2018,2.240,-0.852,9.886
2029,2.006,-1.010,9.876
2040,2.015,-1.427,9.627
2051,1.575,-1.398,9.536
2060,1.470,-1.087,9.886
2071,1.632,-0.713,9.876
2085,1.733,-0.828,9.847
2096,1.733,-0.948,9.847
2106,1.829,-1.130,9.862
2117,1.834,-1.264,9.632
2127,1.786,-1.407,9.728
2139,2.102,-1.666,9.666
2153,2.025,-1.786,9.847
2162,1.762,-1.757,9.421
2172,1.623,-1.518,9.689
2182,1.704,-1.053,9.780
2197,1.671,-1.240,9.699
2208,1.709,-1.388,9.493
2219,1.695,-1.494,9.412
2229,1.723,-1.513,9.493
2240,1.982,-1.331,9.603
2250,2.030,-1.317,9.632
2266,2.020,-1.317,9.603
2277,2.106,-1.422,9.642
2287,2.106,-1.431,9.632
2296,2.030,-1.407,9.565
2310,1.819,-1.360,9.230
2323,1.685,-1.283,9.067
2333,1.824,-1.226,9.110
2348,2.059,-1.202,9.259
2359,2.236,-1.173,9.493
2367,2.437,-1.206,9.656
2374,2.504,-1.245,9.618
2389,2.465,-1.135,9.689
2400,2.576,-0.991,9.699
2410,2.465,-0.996,9.646
2419,2.451,-1.120,9.689
2430,2.786,-1.546,9.900
2441,3.021,-1.752,10.139
2456,2.906,-1.680,10.135
2466,2.561,-1.431,9.914
2478,2.207,-1.230,9.527
2488,1.910,-1.187,9.230
2499,1.819,-1.312,9.105
2509,2.001,-1.484,9.091
2520,1.987,-1.451,9.144
2535,2.063,-1.336,9.225
2545,2.255,-1.187,9.354
2555,2.293,-1.178,9.464
2565,2.351,-1.125,9.570
2576,2.288,-0.929,9.488
2587,2.135,-0.910,9.441
2601,2.202,-1.010,9.417
2612,2.197,-1.115,9.421
2622,2.341,-1.269,9.484
2633,2.446,-1.446,9.637
2642,2.652,-1.479,9.742
2653,2.628,-1.455,9.756
2665,2.451,-1.494,9.594
2673,2.212,-1.331,9.316
2683,2.073,-1.139,9.220
2698,2.102,-1.245,9.230
2706,2.293,-1.393,9.292
2714,2.561,-1.494,9.460
2724,2.465,-1.436,9.508
2740,2.260,-1.273,9.354
2751,2.059,-1.144,9.268
2762,2.154,-1.249,9.273
2772,2.331,-1.542,9.340
2783,2.288,-1.661,9.311
2793,2.140,-1.293,9.373
2808,2.207,-0.895,9.512
2819,2.226,-0.881,9.594
2830,2.240,-0.991,9.627
2840,2.284,-1.264,9.512
2849,2.303,-1.532,9.445
2860,2.341,-1.513,9.407
2874,2.370,-1.340,9.378
2882,2.413,-1.245,9.373
2894,2.374,-1.345,9.397
2905,2.341,-1.436,9.364
2919,2.284,-0.038,9.388
2930,2.207,-1.001,9.354
2941,2.130,-0.862,9.388
2951,2.264,-1.063,9.488
2962,2.403,-1.144,9.565
2973,2.585,-1.173,9.661
2988,2.509,-1.149,9.541
2999,2.331,-1.120,9.369
3009,2.327,-1.091,9.249
3019,2.245,-1.082,9.220
3031,2.360,-1.178,9.278
3045,2.336,-1.283,9.283
3056,2.303,-1.206,9.306
3063,2.217,-1.139,9.283
3074,2.212,-1.120,9.292
3089,2.169,-1.206,9.297
3100,2.245,-1.422,9.354
3111,2.365,-1.561,9.575
3121,2.504,-1.245,9.646
3131,2.504,-1.077,9.670
3147,2.523,-0.914,9.666
3154,2.528,-1.072,9.570
3167,2.437,-1.805,9.326
3177,2.307,-1.609,9.431
3193,2.504,-0.957,9.661
3204,2.647,-0.694,9.871
3215,2.671,-0.814,9.910
3225,2.676,-0.852,9.914
3236,2.777,-1.259,9.852
3243,2.820,-1.455,9.785
3257,2.667,-1.360,9.637
3269,2.513,-1.245,9.488
3280,2.437,-0.704,9.488
3290,2.547,-0.603,9.603
3301,2.470,-0.488,9.508
3315,2.532,-0.402,9.522
3325,2.705,-0.536,9.608
3334,2.781,-0.603,9.670
3346,2.743,-0.843,9.575
3355,2.599,-1.053,9.350
3370,2.365,-1.202,9.230
3381,2.394,-0.761,9.283
3392,2.537,-0.287,9.216
3402,2.384,-0.010,9.235
3412,2.523,-0.048,9.273
3428,2.566,-0.498,9.292
3438,2.513,-0.790,9.287
3449,2.532,-0.910,9.239
3459,2.518,-1.077,9.225
3470,2.360,-0.862,9.225
3481,2.485,-0.651,9.302
3496,2.547,-0.551,9.383
3507,2.576,-0.512,9.393
3516,2.532,-0.531,9.417
3527,2.561,-0.531,9.426
3536,2.547,-0.613,9.407
3547,2.576,-0.780,9.378
3557,2.671,-0.938,9.402
3572,2.657,-1.005,9.445
3583,2.743,-0.910,9.488
3592,2.901,-0.910,9.651
3604,2.791,-0.953,9.627
3611,2.700,-0.910,9.618
3626,2.595,-0.929,9.531
3639,2.657,-1.259,9.402
3650,2.662,-1.197,9.455
3664,2.824,-1.321,9.488
3674,2.796,-1.479,9.531
3685,2.781,-1.503,9.575
3692,2.719,-1.407,9.455
3704,2.576,-1.273,9.455
3718,2.781,-1.317,9.546
3729,2.824,-1.226,9.646
3740,2.734,-1.010,9.575
3748,2.633,-0.833,9.493
3760,2.513,-0.967,9.335
3774,2.398,-1.034,9.273
3784,2.413,-0.986,9.316
3795,2.485,-0.977,9.354
3806,2.628,-0.972,9.474
3817,2.896,-0.981,9.484
3831,2.882,-1.106,9.460
3842,2.738,-1.044,9.412
3852,2.858,-1.005,9.383
3863,2.834,-0.981,9.326
3872,2.801,-0.938,9.235
3880,2.801,-0.914,9.201
3896,2.805,-0.934,9.120
3906,2.695,-1.001,9.058
3916,2.710,-0.972,9.053
3926,2.777,-0.905,9.062
3936,2.820,-0.919,9.077
3947,3.073,-0.919,9.259
3961,3.265,-1.101,9.412
3970,3.298,-1.159,9.460
3981,3.260,-1.029,9.292
3991,2.997,-0.943,9.110
4001,2.920,-0.910,8.995
4017,3.016,-0.886,9.053
4027,3.193,-0.991,9.239
4037,3.207,-1.154,9.259
4048,3.107,-0.929,9.249
4056,3.006,-0.790,9.216
4063,2.944,-0.809,9.182
4078,2.935,-0.857,9.172
4089,3.078,-0.938,9.278
4099,3.145,-1.034,9.378
4109,3.160,-1.048,9.426
4120,3.198,-0.905,9.479
4136,3.054,-0.833,9.421
4147,3.002,-0.809,9.321
4158,3.021,-0.819,9.278
4168,3.088,-0.919,9.216
4178,3.088,-1.063,9.196
4189,3.093,-1.039,9.187
4205,3.107,-1.053,9.201
4215,3.160,-1.001,9.268
4226,3.303,-0.977,9.436
4232,3.303,-0.967,9.436
4244,3.169,-1.087,9.321
4259,3.140,-1.159,9.283
4270,3.155,-1.211,9.254
4281,3.117,-1.221,9.134
4291,2.935,-1.168,9.010
4302,2.949,-0.843,9.000
4311,2.925,-0.713,9.024
4326,3.026,-0.718,9.139
4337,3.155,-0.938,9.211
4347,3.136,-1.068,9.158
4358,3.155,-1.039,9.235
4367,3.093,-1.053,9.235
4376,3.069,-1.048,9.201
4392,3.021,-1.039,9.206
4402,3.078,-1.068,9.177
4413,3.073,-1.053,9.211
4421,3.069,-0.962,9.211
4432,3.045,-0.886,9.196
4442,3.059,-0.776,9.192
4457,3.097,-0.886,9.158
4468,3.078,-1.125,9.110
4479,3.107,-1.226,8.986
4490,3.040,-1.159,8.952
4499,3.059,-1.091,8.976
4510,3.236,-1.091,9.144
4524,3.294,-1.182,9.206
4535,3.121,-1.221,9.019
4545,2.968,-1.230,8.880
4553,2.949,-1.144,8.895
4569,3.059,-0.957,8.962
4580,3.169,-0.991,9.019
4589,3.332,-0.967,9.091
4598,3.308,-0.914,9.091
4608,3.308,-0.785,9.134
4624,3.365,-0.732,9.048
4633,3.155,-0.785,8.722
4641,3.073,-0.771,8.569
4652,3.298,-0.986,8.478
4663,3.476,-1.422,8.181
4679,2.705,-2.475,8.421
4687,3.207,-0.259,8.799
4698,3.964,-0.153,7.870
4709,3.198,-2.073,7.291
4719,3.442,-1.336,7.435
4730,3.657,-0.579,8.047
4745,3.672,-0.484,8.009
4754,3.945,-0.871,7.722
4765,3.839,-0.776,7.837
4776,4.313,-0.776,8.603
4785,4.830,-1.178,8.603
4795,4.739,-0.436,9.101
4811,5.424,0.522,10.283
4817,5.994,0.685,11.432
4829,7.459,-0.306,13.605
4840,10.728,-1.685,16.621
4856,14.017,-4.146,19.858
4867,16.262,-7.803,22.759
4878,17.818,-9.981,23.664
4888,17.670,-8.842,24.133
4899,18.776,-4.787,25.531
4909,20.552,-4.112,26.589
4924,22.438,-4.356,26.948
4935,23.467,-5.213,25.550
4946,23.788,-7.219,22.074
4956,23.319,-10.972,18.134
4970,22.462,-10.527,16.751
4981,21.768,-7.348,15.736
4991,20.561,-4.538,12.873
5002,19.838,-1.920,10.379
5012,18.149,-2.135,7.775
5023,16.621,-2.973,6.109
5038,15.611,-3.313,4.883
5049,15.793,-2.418,2.561
5060,14.122,-1.853,-0.560
5070,12.524,-0.847,-2.714
5086,10.259,-0.517,-4.352
5096,9.000,-0.565,-6.487
5107,7.593,-0.311,-8.162
5118,6.626,0.268,-9.172
5128,5.323,1.360,-9.934
5138,4.280,2.676,-10.575
5154,2.982,3.251,-11.504
5165,1.992,3.983,-12.299
5176,0.651,4.428,-12.825
5185,-0.565,4.175,-13.625
5196,-1.455,3.409,-14.027
5207,-2.398,3.404,-14.118
5221,-2.662,3.346,-13.993
5230,-2.475,3.533,-13.701
5241,-2.293,4.055,-13.773
5251,-2.580,4.984,-13.821
5261,-3.428,6.219,-14.084
5277,-4.203,6.247,-14.640
5288,-4.893,5.946,-14.941
5298,-5.209,5.654,-15.027
5309,-5.022,5.419,-15.094
5320,-5.031,5.903,-14.869
5331,-4.744,6.123,-14.965
5347,-4.802,6.243,-15.305
5356,-5.228,6.319,-15.966
5365,-5.218,5.965,-16.693
5376,-5.137,5.984,-17.890
5386,-5.161,6.391,-18.785
5397,-5.185,6.999,-19.360
5413,-5.070,7.779,-19.642
5423,-4.064,8.076,-19.805
5433,-2.892,8.091,-19.896
5440,-1.934,7.593,-19.695
5450,-1.130,6.238,-19.388
5465,0.182,4.974,-19.231
5476,2.585,3.997,-18.948
5485,4.720,3.169,-17.904
5492,7.186,2.829,-17.019
5503,10.178,3.179,-15.788
5518,13.562,3.423,-14.482
5528,15.195,3.136,-12.945
5539,16.444,1.733,-12.035
5550,20.188,-1.656,-11.528
5564,22.218,-4.376,-10.398
5575,25.397,-6.338,-8.335
5585,27.402,-5.496,-5.702
5594,31.194,1.623,-0.948
5605,33.147,3.590,3.332
5620,32.089,0.330,6.209
5629,31.136,-4.917,7.846
5640,30.356,-7.866,9.417
5650,30.399,-5.706,16.253
5661,30.016,1.565,20.954
5672,28.863,3.045,24.755
5687,28.302,-0.627,26.435
5697,27.800,-7.363,26.656
5708,25.090,-14.280,26.000
5719,21.801,-12.701,24.506
5728,18.871,-7.238,24.420
5739,17.220,-3.251,24.664
5750,16.612,-2.193,24.678
5763,16.071,-3.863,23.802
5775,15.209,-5.745,21.442
5786,14.017,-5.716,19.585
5802,11.978,-5.046,16.856
5811,10.077,-4.361,14.759
5822,8.234,-4.318,12.303
5833,7.114,-3.667,11.279
5843,6.334,-2.566,10.518
5854,6.209,-1.618,10.077
5868,6.381,-1.561,9.785
5880,6.434,-2.106,8.871
5890,5.970,-2.126,8.052
5901,5.606,-2.968,6.827
5916,5.127,-3.327,4.912
5926,4.749,-3.107,5.132
5935,4.074,-2.245,4.984
5944,4.332,-1.838,5.161
5954,4.361,-1.618,5.582
5965,3.777,-1.202,6.128
5981,3.672,-1.015,6.506
5992,3.782,-1.494,6.133
6003,3.681,-2.178,5.754
6013,3.428,-1.360,6.109
6024,3.432,-0.876,6.166
6034,3.198,-1.221,6.085
6050,3.308,-1.656,6.204
6060,3.605,-2.111,6.630
6071,3.835,-2.231,7.076
6078,4.251,-1.733,7.597
6086,4.672,-1.561,7.885
6102,5.209,-1.795,8.201
6112,5.328,-2.585,8.244
6122,5.386,-3.284,8.100
6129,5.218,-3.586,7.813
6140,4.979,-3.322,7.631
6154,4.878,-2.418,7.684
6165,4.505,-1.695,7.650
6172,4.409,-1.374,7.731
6183,4.620,-1.317,7.775
6194,4.830,-1.307,7.784
6209,5.007,-1.680,7.731
6220,5.089,-2.331,7.358
6230,5.232,-2.757,6.693
6241,5.175,-2.011,5.975
6251,5.256,-1.077,4.687
6266,4.945,0.369,3.734
6276,4.897,0.890,2.418
6289,3.911,1.656,0.215
6299,3.423,1.518,-1.005
6309,3.351,-1.053,-3.820
6326,1.580,0.096,-4.218
6336,3.303,2.149,-4.826
6347,3.571,1.388,-6.324
6356,4.088,0.335,-9.062
6367,2.413,2.509,-8.076
6378,6.554,3.581,-7.530
6392,7.956,3.346,-7.794
6401,8.809,3.950,-8.225
6412,9.895,3.691,-10.206
6423,11.308,3.164,-12.533
6434,15.267,2.571,-12.677
6448,17.837,1.364,-12.926
6458,20.025,-1.264,-13.050
6469,22.898,-2.437,-13.816
6479,22.826,-2.647,-14.544
6491,21.418,-1.915,-16.143
6499,22.898,-1.738,-14.979
6509,22.548,-2.398,-17.129
6525,21.974,-3.150,-17.186
6533,21.782,-3.902,-17.957
6542,21.203,-4.447,-18.335
6554,20.150,-4.557,-18.077
6565,19.446,-4.002,-16.952
6573,18.982,-3.586,-16.013
6583,18.599,-4.356,-15.401
6597,18.780,-4.242,-15.271
6608,18.843,-4.869,-14.213
6619,19.695,-0.814,-11.327
6629,21.562,5.491,-7.435
6635,25.205,6.875,-5.146
6649,33.090,7.851,2.106
6660,44.598,8.296,8.708
6667,57.285,7.602,27.843
6678,79.852,2.667,24.343
6689,76.510,5.917,-1.709
6705,70.249,-15.731,-1.575
6711,67.113,-28.503,16.205
6723,110.505,3.207,-2.868
6734,105.019,1.441,-42.434
6750,112.176,22.385,-63.364
6761,118.021,20.312,-110.639
6772,69.454,34.473,-107.115
6783,42.813,11.446,-70.440
6794,21.428,7.176,-87.267
6808,-8.287,19.690,-62.823
6817,21.792,-6.075,-34.038
6828,0.527,-3.456,-49.812
6838,2.700,5.501,-12.399
6853,7.420,-7.803,-20.083
6863,4.969,-8.722,-25.492
6875,2.379,10.025,-7.770
6885,5.965,8.627,-1.853
6899,5.055,7.258,-0.153
6910,5.855,3.318,5.754
6921,7.923,-3.231,9.081
6931,5.194,-7.195,8.469
6939,1.915,-4.591,8.028
6955,-1.527,-3.567,7.564
6965,16.746,41.937,52.028
6976,-13.127,-23.908,-26.905
6987,-12.619,-17.545,0.407
6998,8.698,20.829,9.488
7008,6.669,-7.813,5.367
7019,4.821,-6.133,11.911
7033,6.573,-6.453,17.938
7043,-13.462,-0.282,-24.879
7054,-9.962,1.556,-16.755
7065,-0.685,-4.280,-14.429
7076,8.493,-3.753,-12.964
7087,0.187,7.502,-6.750
7102,-4.371,20.686,-12.595
7113,13.098,1.924,-1.058
7123,8.986,17.407,6.109
7134,8.478,-4.945,17.904
7144,21.078,-19.968,-9.254
7158,22.859,32.190,13.653
7170,27.800,-20.997,-38.016
7181,48.155,-85.501,-29.877
7192,5.395,-23.573,-55.896
7202,3.327,-26.043,-1.757
7216,48.146,-72.130,-12.524
7227,22.826,-48.687,-46.733
7237,12.667,13.744,-35.565
7248,16.923,33.166,-1.728
7262,18.402,6.180,-18.824
7274,14.199,-9.819,-12.054
7284,10.719,6.606,5.352
7297,9.579,15.080,9.168
7309,11.044,2.911,6.673
7320,11.355,-5.194,10.695
7330,16.923,-2.609,17.794
7345,11.628,-9.216,17.244
7356,-0.460,-3.667,9.699
7366,0.574,-2.030,6.137
7377,10.183,1.604,-1.609
7389,8.234,12.854,10.254
7399,-15.841,-32.893,-32.999
7415,-5.137,1.767,4.711
7424,1.532,14.453,4.538
7432,0.263,-2.485,1.226
7443,2.030,-22.562,19.532
7453,-8.301,-23.750,-29.135
7468,-29.351,30.337,-27.623
7478,-19.274,8.344,-27.919
7489,0.651,-12.188,-17.622
7498,-4.318,14.415,-13.534
7509,-5.754,17.253,-11.336
7522,-2.169,8.521,-10.125
7534,14.319,-9.780,12.811
7545,30.576,-21.840,14.635
7556,28.877,-16.483,-3.772
7568,20.456,-2.250,-34.626
7575,32.558,-34.133,-40.831
7591,-3.212,4.658,-48.002
7601,-11.394,2.240,2.461
7608,60.114,-65.696,0.986
7622,27.752,-30.816,-30.461
7632,41.487,-24.377,-24.463
7643,10.345,36.498,-10.408
7653,31.405,-16.104,-28.183
7665,4.213,14.970,-14.730
7679,21.102,24.808,1.824
7690,20.188,4.366,7.588
7700,12.002,-13.333,4.993
7710,11.044,-5.046,12.902
7722,6.989,0.646,10.216
7736,3.552,-2.987,1.326
7745,11.485,-6.166,1.886
7756,9.733,-3.892,2.892
7767,1.369,-2.293,1.498
7778,42.147,37.202,73.020
7792,-30.892,-16.985,-34.933
7803,-18.263,-15.726,-32.075
7814,5.453,12.212,6.702
7824,6.740,4.629,6.908
7835,2.623,-21.007,19.566
7850,5.228,-32.587,-3.715
7860,-31.352,16.444,-37.695
7871,-14.300,19.633,-10.049
7879,0.843,-9.603,-16.124
7889,-1.987,-2.662,-8.833
7899,-5.539,14.070,-11.236
7915,-9.656,6.774,-8.708
7922,-2.303,5.414,0.699
7933,5.726,3.274,11.805
7946,0.852,2.279,12.911
7958,17.048,-10.197,-39.069
7969,16.425,24.372,-30.892
7979,29.011,12.246,-3.327
7995,0.618,10.168,11.102
8004,76.553,-76.601,20.475
8014,63.609,-23.831,-50.185
8025,38.370,-40.275,-40.859
8035,10.929,41.228,-18.354
8051,45.144,-29.743,-11.671
8062,6.903,0.455,-35.014
8073,21.351,17.153,-20.202
8084,15.204,-14.137,4.423
8094,19.178,-12.088,5.414
8105,5.615,-3.667,8.201
8120,4.409,-2.901,6.980
8131,13.759,-3.121,8.756
8142,16.305,-1.843,5.108
8150,11.202,-2.528,16.559
8160,7.042,-2.193,16.238
8176,-24.540,32.544,23.319
8186,29.470,32.592,-4.342
8193,-24.453,-37.097,-42.947
8204,-6.511,8.675,3.471
8215,3.973,20.303,7.229
8230,-1.905,7.976,5.108
8239,-2.303,-2.599,10.446
8249,-20.226,-16.483,-38.360
8260,-26.924,7.846,-34.583
8276,-5.797,8.129,-9.474
8283,-1.331,-15.228,-14.750
8295,-7.483,5.931,-17.263
8306,-7.253,8.636,-3.677
8322,-1.570,12.476,-1.824
8327,28.819,-19.393,1.077
8339,22.342,-37.360,7.650
8349,10.685,-3.428,4.380
8365,18.268,-0.646,-40.926
8375,32.606,-86.588,-30.888
8382,-3.298,-3.418,-44.536
8393,-12.126,-3.212,22.424
8403,49.496,-75.763,4.122
8418,33.726,-51.664,-26.727
8428,4.495,8.746,-45.891
8439,4.730,8.947,2.260
8448,18.618,-4.754,-32.621
8459,8.991,13.716,-14.549
8473,18.675,-19.034,-22.524
8484,14.228,-7.392,-6.295
8495,17.138,6.214,5.146
8505,11.566,-4.773,10.757
8512,9.488,-0.072,10.288
8527,8.454,-1.857,8.646
8538,10.087,-3.150,10.719
8548,3.131,-2.269,8.603
8556,3.624,1.862,17.301
8567,-19.795,31.108,5.769
8577,19.479,18.723,4.988
8593,-24.295,-32.711,-38.016
8601,-10.695,-8.201,-7.521
8613,3.174,10.776,2.461
8623,-1.881,2.959,0.168
8639,2.059,-2.968,15.219
8646,11.810,-44.172,1.192
8659,-32.161,6.875,-39.840
8674,-15.185,23.214,-6.439
8685,2.537,-3.811,-20.954
8692,-1.254,6.764,-21.887
8703,7.167,4.390,-11.097
8713,1.451,-2.427,9.254
8727,16.741,-14.630,19.465
8739,19.513,-30.035,11.341
8749,24.961,-16.406,-9.508
8765,19.613,4.447,-53.862
8775,66.591,-107.513,-52.909
8787,-33.497,12.562,-13.653
8797,23.333,-57.294,3.902
8807,12.638,-46.245,-36.570
8818,13.548,-4.543,-38.064
8833,-3.595,30.591,-26.938
8841,31.098,-9.436,3.318
8848,12.442,-9.086,-14.960
8864,14.750,9.958,10.398
8875,23.865,-5.242,4.840
8886,12.610,5.041,5.745
8895,13.146,6.788,4.495
8906,11.006,2.231,1.776
8921,9.426,2.336,10.187
8931,0.182,-2.432,10.700
8942,-2.044,-3.193,2.437
8955,6.803,0.574,14.170
8969,-32.041,32.731,3.916
8980,20.724,30.270,-32.826
8991,-29.581,-39.758,-26.143
9001,8.943,8.631,9.551
9015,4.395,20.466,12.878
9025,-3.677,13.917,14.467
9035,7.358,-8.598,16.411
9046,-15.942,-26.790,-53.574
9056,-25.947,2.925,-24.463
9068,6.008,-10.321,-2.284
9082,-2.106,-5.797,-33.899
9092,-1.977,5.151,-10.163
9103,-5.142,11.001,-8.933
9114,7.842,-8.469,10.278
9125,29.116,-24.190,16.047
9137,28.819,-37.848,-1.302
9149,32.415,2.667,-29.844
9160,22.352,-31.132,-42.554
9175,-23.348,9.072,-50.827
9182,-11.241,-7.856,4.294
9194,40.821,-57.917,9.914
9205,3.409,-25.631,-31.199
9221,40.816,-22.452,-37.556
9231,3.801,33.985,-5.539
9242,41.721,-23.529,-7.392
9253,9.072,12.567,-6.152
9263,22.175,1.125,-5.644
9274,16.152,-5.046,4.792
9288,12.074,7.234,10.633
9298,9.239,0.641,2.025
9305,3.710,-6.223,1.273
9315,10.537,2.628,13.112
9330,0.948,2.571,15.310
9341,0.531,-3.595,5.122
9351,0.819,-3.447,13.821
9362,9.072,4.936,-3.117
9368,26.354,44.450,66.984
9379,-28.207,-16.909,-28.920
9395,-16.980,-31.807,-22.826
9404,4.577,15.434,5.390
9416,-0.737,6.602,0.732
9426,-0.756,-8.004,5.156
9436,10.005,-29.839,21.145
9452,-26.450,-17.043,-56.102
9462,-17.924,15.410,-25.775
9473,0.005,11.686,-17.708
9483,-0.393,3.394,-16.358
9489,-1.374,7.655,-15.875
9499,1.269,-1.077,-7.736
9514,1.072,-0.536,4.131
9525,14.108,-10.743,9.666
9535,42.683,-20.906,10.130
9544,28.676,-23.046,-0.541
9555,32.381,-12.136,-34.061
9569,35.321,-107.776,-39.433
9580,-19.077,-9.958,-57.873
9588,-35.933,2.968,19.293
9599,45.570,-60.822,9.211
9609,17.694,-34.914,-19.388
9623,7.535,22.036,-45.417
9635,33.827,-7.765,-2.461
9645,9.177,-13.352,-8.766
9661,13.893,1.795,-3.217
9672,10.709,0.618,-12.236
9683,11.360,11.882,8.253
9694,12.849,6.190,3.878
9704,10.637,-2.954,5.946
9715,12.705,-1.867,17.780
9727,-0.225,-3.432,13.309
9739,4.821,-7.842,4.945
9750,7.152,1.671,6.621
9760,2.987,0.665,-8.205
9770,17.531,39.710,56.423
9786,-29.954,-20.250,-29.260
9795,-13.591,-19.456,-18.335
9806,3.102,4.902,5.788
9814,2.738,8.483,6.037
9825,3.691,-2.518,15.927
9835,11.839,-31.113,15.602
9852,-31.668,-4.854,-62.785
9861,-17.469,13.802,-28.221
9872,1.111,-4.648,-12.945
9882,-1.905,1.609,-16.698
9898,0.546,9.412,-12.777
9910,-0.450,1.144,-9.412
9920,22.400,-17.813,10.499
9931,19.542,-30.189,8.019
9941,20.327,-6.290,9.134
9949,26.014,-10.656,-22.323
9961,24.339,1.307,-40.692
9969,40.510,-117.609,-41.893
9979,-27.201,11.858,-35.158
9991,28.872,-46.647,48.165
10004,32.166,-47.188,-42.162
10015,29.322,-27.393,-48.600
10029,-4.404,51.597,-28.987
10038,41.362,-22.615,-3.342
10049,8.263,25.420,5.687
10060,30.122,-18.766,-9.958
10075,19.020,0.914,20.648
10084,22.902,12.610,16.176
10094,3.868,-3.552,3.753
10104,8.153,-4.395,7.813
10119,17.167,0.282,10.168
10127,16.291,-4.323,15.664
10139,7.775,-1.226,5.673
10150,8.550,0.890,11.839
10166,-26.981,31.936,1.321
10175,15.003,37.504,-15.875
10186,-28.245,-61.177,-28.240
10197,-6.415,13.074,9.488
10206,0.201,22.175,11.801
10217,-0.345,6.472,2.178
10233,-8.038,-3.835,1.771
10242,10.566,-21.902,-33.032
10253,-40.989,-8.038,-39.907
10264,-9.929,16.933,0.440
10274,4.538,-9.742,-30.433
10291,-2.643,9.804,-23.434
10301,2.030,3.820,-1.120
10312,16.751,-5.367,16.803
10327,30.337,-10.972,23.415
10337,35.474,-35.550,2.044
10348,38.940,-9.019,-11.317
10359,30.749,-25.712,-52.990
10370,42.458,-14.462,-60.698
10380,-33.276,-0.732,-29.025
10390,22.045,-56.911,40.673
10405,-10.331,-20.083,-27.551
10415,24.731,-28.614,-21.739
10422,11.078,35.354,-10.250
10432,33.784,-8.081,7.889
10447,7.832,17.359,5.362
10458,24.750,-19.360,-4.433
10467,17.024,-9.579,4.902
10474,11.671,34.588,8.091
10484,17.138,-2.236,2.786
10498,10.963,-0.397,-0.498
10508,13.562,-4.840,11.446
10519,6.372,-7.894,12.480
10532,5.534,-0.426,12.892
10543,2.810,-4.644,10.896
10554,4.361,45.441,-11.059
10564,6.544,77.027,19.714
10578,-24.879,-49.074,-28.580
10590,1.474,-28.168,-5.912
10600,12.145,19.819,14.276
10611,-6.286,7.588,0.019
10621,-8.454,-7.262,-2.552
10634,9.972,-9.948,34.535
10645,-20.877,-23.400,-36.450
10656,-21.658,5.266,-23.735
10667,-3.078,10.388,-3.495
10676,-0.225,-11.039,-23.501
10689,-5.414,8.938,-23.257
10701,-2.647,-2.303,-11.609
10712,7.664,-18.819,5.659
10719,16.305,-8.627,11.676
10735,12.423,-36.029,8.028
10743,26.459,-15.530,-13.108
10751,17.119,-2.078,-31.103
10762,29.351,-80.268,-28.140
10775,-13.409,0.029,-24.559
10785,22.266,-33.372,31.299
10800,12.021,-34.904,-18.824
10811,28.690,-57.577,-33.425
10822,5.998,19.173,-27.005
10833,35.838,-16.574,6.535
10843,9.134,14.448,-12.404
10857,31.993,0.943,3.093
10868,13.246,-13.716,15.358
10879,15.903,5.280,14.750
10890,6.817,-5.113,5.812
10900,8.052,-5.118,5.180
10915,11.662,0.326,10.154
10926,2.556,-4.830,9.843
10935,0.761,-3.365,8.186
10945,5.343,-0.340,7.119
10956,-5.381,11.260,-8.502
10971,5.544,63.475,31.189
10982,-28.365,-38.284,-24.726
10993,-9.412,-27.694,16.775
11004,2.743,12.006,1.834
11014,-3.926,-13.409,-3.418
11031,-3.533,-4.213,16.248
11041,7.243,-22.395,-1.862
11051,-33.894,-6.410,-33.233
11062,-11.336,10.637,-19.029
11072,8.502,-18.493,-19.513
11081,-1.479,10.431,-3.207
11095,-5.975,18.838,-16.823
11105,1.230,6.525,-11.379
11116,16.775,-5.486,2.762
11123,13.491,-13.361,16.890
11134,25.009,-33.477,-2.279
11148,27.603,-1.699,-4.548
11158,20.628,-22.677,-38.451
11165,17.636,-41.903,-22.275
11176,-9.594,-16.224,-54.537
11191,-39.514,26.287,-9.148
11202,35.402,-54.173,36.675
11212,-2.781,-23.185,-4.835
11223,25.382,19.518,-65.356
11234,-3.471,20.791,-1.221
11247,18.733,-19.063,5.673
11259,3.011,11.044,-5.572
11270,19.886,0.498,-4.107
11280,17.813,-5.285,-1.719
11291,12.662,0.943,9.306
11306,2.025,-1.020,10.427
11317,8.402,-7.588,8.761
11328,7.990,-8.756,5.381
11338,2.959,-14.529,6.965
11345,1.862,-12.926,4.816
11359,5.232,-13.275,6.865
11370,0.378,-10.709,5.975
11381,-7.717,1.163,38.758
11391,-1.364,-20.585,-24.635
11402,-22.874,0.665,-20.413
11417,8.349,-0.651,1.915
11427,16.789,-13.826,2.925
11433,9.101,-23.099,-1.403
11447,7.583,-16.492,-5.620
11458,8.536,-10.250,8.301
11467,4.581,-7.545,-10.422
11479,2.025,2.078,-7.655
11493,8.119,-6.654,-9.302
11504,8.268,-7.947,-8.895
11514,5.098,-2.633,-8.895
11526,2.145,-0.761,-11.451
11535,11.839,-7.042,-3.203
11550,10.470,-4.931,2.848
11561,10.173,-4.759,-5.711
11570,13.136,-9.771,-8.483
11581,6.985,-4.557,-9.110
11592,12.638,-0.943,-10.278
11602,1.384,1.532,-34.373
11617,-8.799,28.278,-93.472
11628,48.433,6.563,-152.528
11642,-41.573,-60.387,91.715
11653,33.755,66.242,88.641
11663,4.117,-20.341,-56.720
11674,-27.967,27.182,21.107
11685,-33.109,-22.673,-4.313
11699,4.447,-12.471,8.770
11711,0.263,-9.493,14.458
11720,-3.557,-9.694,7.923
11731,-1.489,-22.778,0.148
11742,-6.851,-17.732,-7.344
11757,-9.158,-5.898,-11.336
11768,-8.081,-1.379,-12.289
11778,-4.749,-3.303,-11.882
11788,-4.036,-1.699,-11.633
11796,-4.447,0.838,-8.708
11807,-3.792,2.068,-8.770
11822,-5.860,1.709,-8.521
11833,-4.179,1.805,-7.382
11841,-4.208,1.135,-6.204
11852,-4.380,0.043,-5.209
11867,-4.165,0.426,-7.076
11878,-4.246,-0.977,-6.305
11885,-4.117,-2.824,-7.502
11896,-5.481,-2.279,-8.248
11906,-5.659,-1.695,-7.923
11921,-4.950,-1.709,-7.463
11929,-4.687,-1.666,-6.898
11939,-5.477,-2.418,-7.258
11949,-6.152,-2.992,-7.167
11965,-5.457,-3.471,-6.879
11976,-5.855,-3.576,-7.205
11986,-5.673,-2.379,-7.961
11997,-6.740,-1.513,-8.330
12007,-7.516,-0.986,-8.555
12018,-6.027,-1.948,-8.861
12034,-5.232,-2.327,-8.588
12044,-5.328,-2.935,-8.986
12054,-4.850,-2.628,-8.325
12063,-4.711,-2.240,-8.248
12074,-5.927,-3.418,-8.732
12089,-5.247,-2.915,-8.598
12100,-5.151,-2.288,-8.608
12111,-5.692,-2.331,-7.923
12122,-5.477,-2.528,-7.913
12132,-5.142,-2.829,-8.574
12148,-3.648,-1.814,-7.516
12156,-3.863,-2.705,-7.669
12168,-4.265,-2.982,-8.172
12179,-5.031,-3.117,-8.560
12195,-5.405,-2.623,-8.454
12206,-5.185,-2.662,-8.282
12217,-5.003,-2.116,-8.148
12227,-4.835,-2.063,-7.674
12238,-4.634,-1.494,-6.870
12248,-4.409,-2.269,-7.684
12262,-3.251,-3.835,-8.818
12273,-5.462,-3.514,-8.114
12283,-4.739,-2.030,-8.248
12292,-4.873,-2.245,-8.282
12302,-5.376,-2.078,-8.205
12316,-5.429,-1.738,-8.502
12327,-5.376,-2.073,-8.359
12336,-4.912,-2.102,-8.359
12347,-5.113,-2.164,-8.450
12358,-5.170,-2.336,-8.440
12373,-4.921,-2.408,-8.354
12382,-5.060,-2.202,-8.320
12393,-4.548,-2.475,-8.330
12404,-5.256,-2.284,-8.445
12419,-4.878,-2.537,-8.809
12430,-4.917,-2.465,-8.718
12441,-4.797,-2.413,-8.799
12451,-5.031,-2.173,-8.900
12462,-5.094,-1.987,-8.732
12469,-5.084,-2.035,-8.670
12484,-5.089,-2.207,-8.459
12494,-4.419,-1.197,-7.009
12505,-5.750,-3.241,-8.914
12515,-4.261,-2.853,-8.229
12522,-5.165,-2.240,-8.091
12533,-4.352,-2.212,-8.354
12547,-4.806,-2.442,-8.454
12558,-3.839,-1.111,-7.703
12569,-5.185,-3.327,-9.273
12579,-4.639,-1.810,-8.569
12591,-4.155,-1.508,-8.636
12605,-5.534,-3.064,-8.799
12616,-4.730,-1.096,-8.067
12626,-4.639,-2.006,-8.205
12637,-4.280,-2.226,-8.378
12648,-4.706,-2.379,-8.646
12662,-4.706,-2.427,-8.718
12673,-4.835,-2.389,-8.387
12683,-4.878,-2.403,-8.397
12694,-4.984,-2.327,-8.292
12709,-4.778,-2.374,-8.215
12719,-4.567,-2.408,-8.225
12730,-4.577,-2.379,-8.387
12741,-4.668,-2.432,-8.545
12751,-4.984,-2.059,-8.564
12766,-4.912,-2.140,-8.631
12776,-5.007,-2.140,-8.732
12783,-5.151,-2.442,-8.631
12795,-4.854,-2.695,-8.411
12805,-4.577,-2.432,-8.220
12821,-4.625,-2.413,-8.138
12828,-4.443,-2.566,-8.292
12840,-4.907,-2.322,-8.483
12850,-5.132,-1.929,-8.406
12866,-5.108,-1.968,-8.450
12877,-5.041,-2.087,-8.368
12888,-5.113,-2.245,-8.349
12898,-5.065,-2.264,-8.244
12909,-4.873,-3.672,-8.239
12919,-4.735,-2.686,-8.330
12935,-4.859,-2.667,-8.311
12945,-4.806,-2.542,-8.301
12957,-4.869,-2.489,-8.349
12965,-4.926,-2.413,-8.296
12975,-4.984,-2.049,-8.225
12990,-5.070,-2.011,-8.143
13001,-4.864,-2.135,-8.071
13009,-4.768,-2.341,-8.162
13020,-4.888,-2.671,-8.349
13030,-4.878,-2.901,-8.397
13044,-4.984,-2.772,-8.330
13056,-4.897,-2.738,-8.148
13066,-4.720,-2.710,-8.033
13082,-4.672,-2.834,-8.086
13092,-4.706,-2.824,-8.124
13100,-4.993,-2.451,-8.134
13113,-4.859,-2.154,-8.167
13124,-4.687,-2.422,-8.110
13133,-4.677,-2.743,-8.234
13144,-4.711,-2.911,-8.339
13156,-5.041,-2.576,-8.282
13170,-5.051,-2.456,-8.091
13181,-4.634,-2.346,-7.076
13188,-3.954,-3.538,-8.742
13199,-4.026,-3.035,-8.239
13214,-4.888,-2.245,-8.349
13225,-4.481,-2.777,-7.526
13232,-4.897,-2.489,-8.914
13244,-4.917,-2.523,-8.411
13255,-4.720,-2.930,-8.263
13270,-4.419,-2.571,-8.086
13277,-4.945,-2.336,-8.172
13289,-4.850,-2.236,-8.248
13300,-4.888,-2.398,-8.464
13315,-4.969,-2.547,-8.550
13322,-4.806,-2.528,-8.608
13330,-4.811,-2.398,-8.473
13346,-4.735,-2.418,-8.406
13356,-4.744,-2.537,-8.363
13366,-4.854,-2.552,-8.349
13375,-4.830,-2.446,-8.272
13386,-4.869,-2.331,-8.325
13396,-4.888,-2.499,-8.411
13411,-4.744,-2.595,-8.416
13418,-4.639,-2.633,-8.440
13429,-4.806,-2.542,-8.387
13439,-4.912,-2.461,-8.378
13454,-4.950,-2.494,-8.344
13461,-4.955,-2.499,-8.320
13473,-4.902,-2.370,-8.282
13487,-4.936,-2.331,-8.373
13499,-4.835,-2.379,-8.416
13510,-4.797,-2.379,-8.531
13521,-4.873,-2.518,-8.574
13530,-4.830,-2.451,-8.550
13544,-4.931,-2.389,-8.502
13554,-4.806,-2.389,-8.392
13564,-4.782,-2.422,-8.339
13580,-4.735,-2.509,-8.325
13589,-4.687,-2.499,-8.272
13597,-4.663,-2.595,-8.220
13608,-4.548,-2.690,-8.225
13619,-4.672,-2.619,-8.311
13634,-4.778,-2.561,-8.354
13642,-4.936,-2.398,-8.339
13654,-4.816,-2.427,-8.263
13664,-4.840,-2.461,-8.225
13675,-4.888,-2.427,-8.186
13686,-4.782,-2.523,-8.110
13695,-4.572,-2.576,-8.095
13712,-4.596,-2.547,-8.134
13722,-4.878,-2.379,-8.306
13730,-5.046,-2.307,-8.426
13741,-5.094,-2.336,-8.392
13752,-4.969,-2.327,-8.263
13768,-4.883,-2.346,-8.229
13774,-4.940,-2.427,-8.301
13786,-4.792,-2.370,-8.215
13797,-4.768,-2.365,-8.177
13813,-4.806,-2.374,-8.287
13824,-4.792,-2.403,-8.387
13835,-4.993,-2.389,-8.493
13845,-5.103,-2.408,-8.473
13856,-5.051,-2.437,-8.411
13864,-5.041,-2.413,-8.325
13877,-4.955,-2.403,-8.287
13887,-4.806,-2.432,-8.191
13897,-4.749,-2.437,-8.143
13908,-4.720,-2.288,-8.062
13919,-4.826,-2.236,-8.119
13929,-4.969,-2.303,-8.172
13945,-4.988,-2.374,-8.172
13951,-4.792,-2.403,-8.114
13961,-4.696,-2.456,-8.138
13971,-4.648,-2.427,-8.129
13986,-4.586,-2.556,-8.191
13996,-4.792,-2.552,-8.306
14007,-4.955,-2.537,-8.383
14018,-4.907,-2.461,-8.316
14028,-4.917,-2.422,-8.272
14039,-4.735,-2.485,-8.215
14055,-4.773,-2.504,-8.215
14065,-4.725,-2.509,-8.134
14076,-4.567,-2.623,-8.124
14086,-4.653,-2.609,-8.134
14095,-4.787,-2.585,-8.268
14109,-4.845,-2.446,-8.287
14119,-4.845,-2.288,-8.320
14129,-4.893,-2.154,-8.344
14139,-4.850,-2.183,-8.397
14150,-4.840,-2.389,-8.402
14160,-4.816,-2.499,-8.435
14171,-4.888,-2.432,-8.359
14186,-5.007,-2.341,-8.311
14197,-4.955,-2.461,-8.229
14208,-4.677,-2.633,-8.229
14219,-4.711,-2.623,-8.339
14226,-4.835,-2.599,-8.454
14237,-4.893,-2.585,-8.521
14252,-4.917,-2.485,-8.569
14263,-4.854,-2.437,-8.545
14272,-4.964,-2.307,-8.541
14288,-4.969,-2.303,-8.502
14298,-4.902,-2.394,-8.421
14309,-4.912,-2.384,-8.363
14320,-4.864,-2.379,-8.268
14331,-4.802,-2.432,-8.359
14341,-4.720,-2.532,-8.344
14352,-4.648,-2.604,-8.411
14364,-4.782,-2.494,-8.464
14373,-4.787,-2.504,-8.483
14383,-4.792,-2.552,-8.430
14399,-4.625,-2.609,-8.272
14406,-4.467,-2.580,-8.172
14418,-4.553,-2.470,-8.177
14433,-4.553,-2.532,-8.239
14444,-4.672,-2.681,-8.349
14452,-4.706,-2.604,-8.339
14463,-4.586,-2.446,-8.339
14474,-4.687,-2.394,-8.450
14489,-4.711,-2.537,-8.469
14496,-4.668,-2.504,-8.473
14508,-4.739,-2.322,-8.450
14518,-4.739,-2.327,-8.411
14533,-4.749,-2.398,-8.473
14540,-4.735,-2.442,-8.464
14552,-4.696,-2.451,-8.450
14562,-4.730,-2.470,-8.459
14578,-4.639,-2.451,-8.344
14587,-4.505,-2.518,-8.248
14598,-4.567,-2.437,-8.335
14609,-4.730,-2.389,-8.368
14619,-4.677,-2.408,-8.335
14630,-4.725,-2.365,-8.349
14640,-4.768,-2.331,-8.349
14655,-4.735,-2.351,-8.330
14666,-4.792,-2.360,-8.320
14677,-4.744,-2.422,-8.335
14686,-4.711,-2.432,-8.335
14696,-4.715,-2.379,-8.311
14712,-4.773,-2.346,-8.311
14718,-4.869,-2.298,-8.383
14730,-4.902,-2.269,-8.354
14741,-4.763,-2.336,-8.368
14756,-4.692,-2.322,-8.268
14763,-4.548,-3.662,-8.330
14771,-4.596,-2.604,-8.373
14787,-4.696,-2.513,-8.426
14797,-6.128,-2.370,-8.416
14808,-4.816,-2.365,-8.383
14819,-4.682,-2.451,-8.316
14829,-4.687,-2.379,-8.272
14840,-4.763,-2.154,-8.248
14851,-4.830,-2.073,-8.296
14864,-4.634,-2.341,-8.306
14881,-4.615,-2.485,-8.387
14891,-4.759,-2.432,-8.426
14899,-4.792,-2.370,-8.421
14911,-4.701,-2.432,-8.387
14922,-4.730,-2.432,-8.368
14937,-4.615,-2.528,-8.282
14945,-4.510,-2.580,-8.282
14956,-4.610,-2.623,-8.421
14966,-4.711,-2.657,-8.512
14981,-4.787,-2.595,-8.541
14992,-4.677,-2.585,-8.469
15003,-4.668,-2.470,-8.378
15013,-4.663,-2.403,-8.339
15024,-4.653,-2.317,-8.387
15034,-4.739,-2.422,-8.541
15049,-4.773,-2.566,-8.612
15059,-4.744,-2.552,-8.536
15070,-4.672,-2.442,-8.507
15078,-4.610,-2.408,-8.402
15090,-4.495,-2.499,-8.339
15104,-4.548,-2.451,-8.349
15115,-4.581,-2.537,-8.392
15124,-4.639,-2.451,-8.406
15135,-4.567,-2.370,-8.354
15146,-4.562,-2.422,-8.378
15161,-4.668,-2.556,-8.469
15168,-4.692,-2.599,-8.497
15180,-4.715,-2.585,-8.497
15190,-4.759,-2.489,-8.430
15205,-4.639,-2.542,-8.363
15212,-4.548,-2.513,-8.368
15220,-4.519,-2.504,-8.339
15236,-4.457,-2.585,-8.354
15247,-4.505,-2.556,-8.402
15257,-4.605,-2.432,-8.464
15267,-4.601,-2.360,-8.488
15277,-4.711,-2.312,-8.502
15288,-4.653,-2.317,-8.464
15304,-4.596,-2.303,-8.426
15314,-4.620,-2.264,-8.454
15324,-4.615,-2.379,-8.478
15331,-4.725,-2.537,-8.517
15341,-4.591,-2.652,-8.411
15354,-4.524,-2.710,-8.359
15366,-4.534,-2.686,-8.287
15377,-4.428,-2.762,-8.344
15392,-4.462,-2.810,-8.416
15401,-4.644,-2.159,-8.344
15412,-4.845,-2.073,-8.368
15423,-4.797,-2.197,-8.440
15433,-4.730,-2.580,-8.541
15440,-4.687,-2.633,-8.603
15455,-4.486,-2.657,-8.512
15465,-4.447,-2.657,-8.517
15476,-4.514,-2.652,-8.483
15487,-4.548,-2.542,-8.359
15498,-4.462,-2.647,-8.339
15508,-4.553,-2.676,-8.311
15519,-4.534,-2.657,-8.296
15532,-4.500,-2.528,-8.263
15543,-4.423,-2.437,-8.282
15554,-4.352,-2.595,-8.378
15565,-4.380,-2.585,-8.373
15580,-4.356,-2.571,-8.426
15590,-4.476,-2.532,-8.512
15604,-4.409,-2.734,-8.473
15614,-4.404,-2.824,-8.512
15630,-4.457,-2.710,-8.473
15641,-4.538,-2.647,-8.464
15651,-4.557,-2.599,-8.502
15661,-4.567,-2.604,-8.579
15668,-4.601,-2.695,-8.660
15678,-4.615,-2.633,-8.660
15694,-4.835,-2.580,-8.766
15704,-4.873,-2.489,-8.761
15716,-4.826,-2.647,-8.823
15726,-4.720,-2.710,-8.775
15737,-4.706,-2.896,-8.794
15747,-4.821,-2.614,-8.665
15756,-4.917,-2.451,-8.603
15770,-4.950,-2.465,-8.593
15777,-4.845,-2.513,-8.555
15788,-4.610,-2.561,-8.464
15803,-4.543,-2.513,-8.483
15814,-4.610,-2.528,-8.464
15823,-4.543,-2.647,-8.584
15829,-4.495,-2.686,-8.526
15840,-4.562,-2.829,-8.555
15853,-4.706,-2.844,-8.871
15864,-6.463,-2.384,-9.397
15879,-6.693,-1.767,-9.254
15887,-6.530,-2.197,-10.345
15900,-5.874,-3.595,-10.020
15910,-5.395,-5.060,-12.634
15926,-8.842,-7.545,-14.065
15933,-5.304,-7.909,-13.692
15941,-5.659,-8.909,-16.741
15957,-7.071,-9.771,-17.991
15968,-8.349,-7.181,-18.661
15978,-7.976,-6.788,-15.702
15988,-3.926,-4.912,-16.818
15999,-3.222,-6.784,-19.580
16009,-3.882,-8.244,-16.171
16021,-4.265,-5.563,-14.118
16034,-3.097,-1.963,-11.849
16048,-3.361,-0.934,-9.613
16059,-2.437,0.972,-6.530
16069,1.331,0.905,-2.695
16077,2.202,0.541,-1.307
16088,1.853,2.599,-0.091
16102,1.834,4.021,1.632
16113,2.801,4.131,2.781
16124,3.782,4.036,4.668
16135,4.050,4.730,5.395
16145,4.280,4.988,6.180
16157,4.787,5.051,6.908
16165,5.060,4.806,7.392
16176,4.897,4.476,7.535
16192,4.816,4.457,7.564
16202,4.754,4.366,7.712
16212,4.763,4.328,7.822
16223,4.830,4.342,8.086
16234,4.711,4.625,8.287
16250,5.065,4.888,8.703
16259,5.558,4.902,9.321
16270,6.003,5.084,9.685
16280,6.463,4.974,10.216
16291,6.831,4.084,10.240
16302,6.908,3.337,9.895
16311,6.587,2.686,9.397
16327,6.381,2.255,8.742
16338,6.051,2.025,8.320
16348,5.706,2.523,8.014
16358,5.659,3.059,8.091
16369,5.721,3.174,8.234
16384,5.850,2.925,8.392
16394,6.003,2.461,8.311
16405,5.888,2.173,8.076
16415,5.807,1.886,7.827
16426,5.673,1.881,7.708
16440,5.400,2.044,7.626
16451,5.477,2.293,7.708
16462,5.553,2.197,7.717
16472,5.381,2.370,7.621
16482,5.256,2.657,7.597
16493,5.127,2.734,7.487
16507,5.070,2.705,7.372
16518,5.098,2.432,7.238
16525,5.237,2.015,7.190
16536,5.568,1.738,7.301
16551,5.773,1.733,7.406
16562,5.860,1.733,7.559
16572,6.080,1.790,7.664
16583,5.984,1.886,7.631
16593,5.860,2.331,7.798
16608,5.764,2.528,7.885
16619,5.821,2.504,7.980
16630,5.807,2.212,7.942
16640,5.807,1.810,7.751
16650,5.903,1.503,7.717
16661,5.946,1.728,7.746
16675,5.979,1.992,7.794
16686,6.089,2.121,7.894
16697,6.180,1.996,7.928
16705,6.142,1.862,7.712
16717,5.970,1.656,7.612
16731,5.855,1.594,7.530
16742,5.874,1.642,7.554
16749,5.946,1.781,7.607
16760,6.104,1.767,7.712
16776,6.290,1.743,7.842
16787,6.348,1.805,7.889
16797,6.348,1.814,7.827
16808,6.305,2.015,7.798
16818,6.262,2.245,7.770
16830,4.921,2.169,7.684
16839,6.065,2.082,7.564
16855,5.979,2.087,7.483
16865,5.951,2.078,7.396
16876,5.979,2.059,7.358
16888,5.917,1.853,7.377
16897,6.003,1.867,7.468
16908,6.065,1.982,7.573
16918,6.085,1.795,7.712
16935,6.310,1.695,7.779
16947,6.334,1.546,7.775
16961,6.448,1.364,7.789
16970,6.372,1.288,7.717
16981,6.295,1.235,7.617
16992,6.190,1.513,7.617
17003,6.133,1.819,7.578
17017,6.018,1.920,7.550
17028,5.998,1.814,7.411
17038,6.185,1.666,7.353
17049,5.936,1.585,7.095
17060,5.663,1.776,6.736
17074,5.615,1.537,6.750
17085,5.884,1.245,7.004
17095,6.228,1.374,7.372
17104,6.453,1.589,7.861
17115,6.760,1.661,8.134
17125,6.827,1.699,8.225
17141,6.798,1.570,8.225
17151,6.764,1.508,8.086
17161,6.635,0.943,7.961
17170,6.587,0.728,7.798
17177,6.453,0.847,7.751
17187,6.300,1.044,7.760
17199,6.247,1.010,7.755
17212,6.180,0.991,7.688
17227,6.080,1.101,7.607
17237,5.975,1.125,7.535
17247,5.908,1.130,7.459
17258,5.960,1.111,7.478
17268,6.032,0.914,7.473
17280,6.070,0.996,7.497
17294,6.137,0.938,7.550
17304,6.252,0.943,7.578
17314,6.204,1.048,7.621
17326,6.204,1.096,7.636
17339,6.089,1.125,7.573
17349,5.922,1.206,7.511
17365,5.840,1.312,7.459
17375,5.850,1.154,7.430
17385,5.864,0.852,7.435
17395,6.018,0.799,7.573
17406,6.099,1.029,7.698
17416,6.142,1.015,7.779
17430,6.305,0.886,7.885
17441,6.386,0.790,7.894
17450,6.324,0.747,7.755
17461,6.142,0.823,7.693
17477,6.142,0.814,7.684
17487,6.171,0.929,7.684
17498,6.042,1.024,7.684
17509,6.113,1.015,7.688
17520,6.075,0.900,7.660
17530,6.013,0.828,7.602
17541,6.037,0.756,7.535
17551,5.975,0.747,7.497
17566,6.042,0.723,7.540
17577,6.065,0.804,7.597
17587,6.075,0.876,7.655
17598,6.070,0.881,7.621
17603,6.022,1.005,7.631
17618,5.941,1.044,7.597
17629,5.960,1.015,7.569
17640,5.917,1.024,7.521
17647,5.831,0.938,7.526
17657,5.908,1.044,7.569
17671,5.879,1.039,7.593
17682,5.989,0.905,7.617
17691,6.109,0.637,7.636
17702,6.161,0.670,7.612
17713,6.118,0.814,7.636
17727,6.075,0.752,7.650
17738,6.080,0.732,7.674
17748,6.080,0.857,7.746
17759,6.137,0.809,7.770
17769,6.185,0.704,7.727
17780,6.118,0.685,7.688
17794,6.061,0.761,7.593
17805,5.888,0.895,7.521
17815,5.874,0.910,7.530
17826,5.975,0.728,7.578
17835,6.190,0.737,7.684
17850,6.233,0.819,7.741
17860,6.171,0.843,7.684
17867,6.166,0.838,7.679
17879,6.171,0.699,7.612
17894,6.080,0.546,7.550
17905,5.989,0.603,7.540
17914,5.955,0.713,7.526
17920,5.927,0.780,7.617
17931,6.051,0.723,7.693
17946,6.310,0.675,7.837
17956,6.477,0.512,7.909
17967,6.496,0.517,7.952
17978,6.425,0.766,7.885
17988,6.329,0.790,7.827
17999,6.171,0.661,7.741
18011,6.128,0.608,7.684
18024,6.027,0.680,7.578
18035,6.051,0.670,7.602
18048,6.137,0.742,7.684
18059,6.156,0.723,7.894
18070,6.089,0.555,7.473
18081,5.845,0.584,7.248
18095,5.721,0.814,7.042
18106,5.673,0.656,7.143
18116,5.941,0.780,7.492
18127,6.113,0.804,7.851
18136,6.319,0.795,8.057
18151,6.578,0.689,8.177
18162,6.750,-0.153,8.019
18173,6.707,-0.153,7.952
18185,6.568,0.445,7.942
18197,6.353,0.924,7.899
18207,6.238,0.866,7.851
18218,6.075,0.689,7.746
18229,5.893,0.637,7.640
18238,5.836,0.641,7.593
18248,5.879,0.484,7.554
18266,5.989,0.369,7.569
18274,6.037,0.359,7.664
18286,6.233,0.335,7.746
18300,6.262,0.373,7.755
18311,6.176,0.527,7.755
18320,6.070,0.594,7.722
18331,6.142,0.536,7.731
18346,6.128,0.431,7.708
18357,6.142,0.512,7.708
18366,6.133,0.627,7.741
18375,6.080,0.646,7.751
18385,6.104,0.766,7.760
18399,6.061,0.732,7.775
18411,6.137,0.522,7.784
18422,6.233,0.383,7.746
18437,6.176,0.359,7.717
18447,6.118,0.402,7.693
18456,6.099,0.531,7.693
18465,6.037,0.579,7.664
18474,5.994,0.469,7.602
18490,5.984,0.536,7.612
18497,5.960,0.608,7.645
18509,6.013,0.598,7.727
18520,6.085,0.651,7.760
18536,6.027,0.819,7.770
18544,5.994,0.814,7.731
18555,6.032,0.709,7.736
18566,6.128,0.484,7.751
18576,6.171,0.412,7.746
18587,6.046,0.517,7.722
18601,5.970,0.527,7.669
18612,6.032,0.484,7.717
18623,6.128,0.522,7.755
18637,6.133,0.440,7.784
18648,6.152,0.498,7.751
18658,6.080,0.570,7.736
18669,6.056,0.637,7.693
18680,6.013,0.665,7.597
18691,5.836,0.718,7.535
18701,5.783,0.632,7.511
18717,5.802,0.574,7.540
18726,5.927,0.507,7.660
18737,6.099,0.512,7.808
18748,6.118,0.627,7.770
18758,6.085,0.531,7.731
18769,6.118,0.445,7.722
18783,6.109,0.402,7.712
18793,5.984,0.416,7.727
18799,5.845,0.474,7.645
18810,5.783,0.507,7.612
18824,5.826,0.541,7.621
18835,5.908,0.460,7.698
18844,6.042,0.416,7.775
18855,6.142,0.464,7.813
18870,6.118,0.517,7.846
18880,6.075,0.565,7.894
18891,6.099,0.541,7.909
18900,6.156,0.541,7.909
18911,6.190,0.469,7.885
18921,6.204,0.512,7.909
18937,6.190,0.598,7.880
18947,6.180,0.541,7.856
18957,6.204,0.426,7.861
18963,6.176,0.440,7.837
18974,6.099,0.507,7.803
18990,6.042,0.522,7.751
18999,6.032,0.488,7.674
19011,5.979,0.450,7.674
19022,5.989,0.517,7.727
19031,6.056,0.627,7.794
19041,5.984,0.574,7.746
19054,5.893,0.421,7.612
19066,5.845,0.455,7.607
19080,5.855,0.407,7.564
19089,5.998,0.278,7.578
19096,6.003,0.225,7.626
19106,6.037,0.345,7.631
19121,6.042,0.369,7.688
19130,6.051,0.488,7.703
19141,6.003,0.546,7.755
19152,6.013,0.560,7.818
19163,5.951,0.637,7.770
19179,5.917,0.546,7.741
19190,5.951,0.488,7.708
19200,5.936,0.450,7.727
19211,5.984,0.431,7.741
19220,6.080,0.455,7.736
